[
	{
		"nombre": "Datusha",
		"danno": [],
		"poder": false,
		"rangoExplosion": 2,
		"alcance": 2,
		"activa": false,
		"nivelArma": 1,
		"costo": 10,
		"apariencias": ["\\Imagenes\\armas\\Datusha.png"]
	},
	{
		"nombre": "Machete",
		"danno": [],
		"poder": false,
		"rangoExplosion": 2,
		"alcance": 2,
		"activa": false,
		"nivelArma": 1,
		"costo": 15,
		"apariencias": ["\\Imagenes\\armas\\Machete.jpg"]
	},
	{
		"nombre": "Gun",
		"danno": [],
		"poder": false,
		"rangoExplosion": 5,
		"alcance": 5,
		"activa": false,
		"nivelArma": 1,
		"costo": 20,
		"apariencias": ["\\Imagenes\\armas\\Gun.jpg"]
	},
	{
		"nombre": "IceAxe",
		"danno": [],
		"poder": false,
		"rangoExplosion": 6,
		"alcance": 6,
		"activa": false,
		"nivelArma": 1,
		"costo": 25,
		"apariencias": ["\\Imagenes\\armas\\hielo.jpg"]
	},
	{
		"nombre": "HookSword",
		"danno": [],
		"poder": true,
		"rangoExplosion": 1,
		"alcance": 1,
		"activa": false,
		"nivelArma": 1,
		"costo": 35,
		"apariencias": ["\\Imagenes\\armas\\HookSword.png"]
	},
	{
		"nombre": "SawHat",
		"danno": [],
		"poder": true,
		"rangoExplosion": 1,
		"alcance": 1,
		"activa": false,
		"nivelArma": 1,
		"costo": 10,
		"apariencias": ["\\Imagenes\\armas\\SawHat.png"]
	},
	{
		"nombre": "ShengBiao",
		"danno": [],
		"poder": true,
		"rangoExplosion": 1,
		"alcance": 1,
		"activa": false,
		"nivelArma": 1,
		"costo": 10,
		"apariencias": ["\\Imagenes\\armas\\SawHat.png"]
	},
	{
		"nombre": "Submachine",
		"danno": [],
		"poder": true,
		"rangoExplosion": 1,
		"alcance": 1,
		"activa": false,
		"nivelArma": 1,
		"costo": 10,
		"apariencias": ["\\Imagenes\\armas\\Submachine.jpg"]
	}
]
