[
	{
		"nombre": "Joker",
		"nivelPersonaje": 1,
		"golpesXSegundo": 1,
		"numCampos": 1,
		"nivelAparicion": 1,
		"costo": 100,
		"cantidad": 1,
		"apariencias": ["\\Imagenes\\Personajes\\Joker.png"],
		"armas": {},
		"vida": 100,
		"melee": true,
		"armaActiva": {},
		"aparienciaActiva": "",
		"tipo": {
			"nombre": "Acido",
			"subtipo": {}
		}
	},
	{
		"nombre": "Kunglao",
		"nivelPersonaje": 1,
		"golpesXSegundo": 1,
		"numCampos": 1,
		"nivelAparicion": 1,
		"costo": 100,
		"cantidad": 1,
		"apariencias": ["\\Imagenes\\Personajes\\Kunglao.png"],
		"armas": {},
		"vida": 100,
		"melee": true,
		"armaActiva": {},
		"aparienciaActiva": "",
		"tipo": {
			"nombre": "Aire",
			"subtipo": {}
		}
	},
	{
		"nombre": "Liukang",
		"nivelPersonaje": 1,
		"golpesXSegundo": 1,
		"numCampos": 1,
		"nivelAparicion": 1,
		"costo": 100,
		"cantidad": 1,
		"apariencias": ["\\Imagenes\\Personajes\\Liukang.png"],
		"armas": {},
		"vida": 100,
		"melee": true,
		"armaActiva": {},
		"aparienciaActiva": "",
		"tipo": {
			"nombre": "Agua",
			"subtipo": {}
		}
	},
	{
		"nombre": "Raiden",
		"nivelPersonaje": 1,
		"golpesXSegundo": 1,
		"numCampos": 1,
		"nivelAparicion": 1,
		"costo": 100,
		"cantidad": 1,
		"apariencias": ["\\Imagenes\\Personajes\\Raiden.jpg"],
		"armas": {},
		"vida": 100,
		"melee": true,
		"armaActiva": {},
		"aparienciaActiva": "",
		"tipo": {
			"nombre": "Electricidad",
			"subtipo": {}
		}
	},
	{
		"nombre": "Rambo",
		"nivelPersonaje": 1,
		"golpesXSegundo": 1,
		"numCampos": 1,
		"nivelAparicion": 1,
		"costo": 100,
		"cantidad": 1,
		"apariencias": ["\\Imagenes\\Personajes\\Rambo.jpg"],
		"armas": {},
		"vida": 100,
		"melee": true,
		"armaActiva": {},
		"aparienciaActiva": "",
		"tipo": {
			"nombre": "Magia negra",
			"subtipo": {}
		}
	},
	{
		"nombre": "Scorpion",
		"nivelPersonaje": 1,
		"golpesXSegundo": 1,
		"numCampos": 1,
		"nivelAparicion": 1,
		"costo": 100,
		"cantidad": 1,
		"apariencias": ["\\Imagenes\\Personajes\\Scorpion.jpg"],
		"armas": {},
		"vida": 100,
		"melee": true,
		"armaActiva": {},
		"aparienciaActiva": "",
		"tipo": {
			"nombre": "Fuego",
			"subtipo": {}
		}
	},
	{
		"nombre": "Spawn",
		"nivelPersonaje": 1,
		"golpesXSegundo": 1,
		"numCampos": 1,
		"nivelAparicion": 1,
		"costo": 100,
		"cantidad": 1,
		"apariencias": ["\\Imagenes\\Personajes\\Spawn.jpg"],
		"armas": {},
		"vida": 100,
		"melee": true,
		"armaActiva": {},
		"aparienciaActiva": "",
		"tipo": {
			"nombre": "Magia blanca",
			"subtipo": {}
		}
	},
	{
		"nombre": "Terminator",
		"nivelPersonaje": 1,
		"golpesXSegundo": 1,
		"numCampos": 1,
		"nivelAparicion": 1,
		"costo": 100,
		"cantidad": 1,
		"apariencias": ["\\Imagenes\\Personajes\\Terminator.jpg"],
		"armas": {},
		"vida": 100,
		"melee": true,
		"armaActiva": {},
		"aparienciaActiva": "",
		"tipo": {
			"nombre": "Hielo",
			"subtipo": {}
		}
	},
	{
		"nombre": "Robocop",
		"nivelPersonaje": 1,
		"golpesXSegundo": 1,
		"numCampos": 1,
		"nivelAparicion": 1,
		"costo": 100,
		"cantidad": 1,
		"apariencias": ["\\Imagenes\\Personajes\\Robocop.jpg"],
		"armas": {},
		"vida": 100,
		"melee": true,
		"armaActiva": {},
		"aparienciaActiva": "",
		"tipo": {
			"nombre": "Hierro",
			"subtipo": {}
		}
	},
	{
		"nombre": "JohnnyCage",
		"nivelPersonaje": 1,
		"golpesXSegundo": 1,
		"numCampos": 1,
		"nivelAparicion": 1,
		"costo": 100,
		"cantidad": 1,
		"apariencias": ["\\Imagenes\\Personajes\\JohnnyCage.jpg"],
		"armas": {},
		"vida": 100,
		"melee": true,
		"armaActiva": {},
		"aparienciaActiva": "",
		"tipo": {
			"nombre": "Espiritualidad",
			"subtipo": {}
		}
	}
]
